<application>
  <component name="FileTypeManager" version="17">
    <extensionMap>
      <mapping ext="webp" type="Image" />
      <mapping pattern="xiaowo" type="PLAIN_TEXT" />
      <mapping pattern="key" type="PLAIN_TEXT" />
      <mapping pattern="ArrayList" type="PLAIN_TEXT" />
      <mapping pattern="lupingdashi" type="PLAIN_TEXT" />
      <mapping ext="oisokm" type="PLAIN_TEXT" />
      <mapping ext="svga" type="XML" />
      <mapping pattern="gitignore_global.txt" type="Git file" />
    </extensionMap>
  </component>
</application>