<application>
  <component name="AppStorage">
    <histories>
      <item value="Property" />
      <item value="Success" />
      <item value="Fail" />
      <item value="is applicable for argument types" />
      <item value="consumer Proguard Files" />
      <item value="consumer" />
      <item value="Return the FragmentManager for interacting with fragments associated with this fragment's activity. Note that this will be non-null slightly before {@link getActivity()}, during the time from when the fragment is placed in a {@link FragmentTransaction} until it is committed and attached to its activity. &lt;p&gt;If this Fragment is a child of another Fragment, the FragmentManager returned here will be the parent's {@link getChildFragmentManager()}. @see requireFragmentManager()" />
      <item value="inside of this Fragment" />
    </histories>
    <option name="languageScores">
      <map>
        <entry key="CHINESE" value="6" />
        <entry key="ENGLISH" value="7" />
      </map>
    </option>
  </component>
  <component name="Cache">
    <option name="lastTrimTime" value="1617428485558" />
  </component>
</application>